head	O	art	eve	geo	gpe	nat	org	per	tim	BOS
O	0.229413101118411	0.171846886548370	0.165398796623094	0.218295826246169	0.244148210865355	0.183477497258810	0.168586211289715	0.146548333305978	0.198348383607269	0.710000000000000
art	0.094997588762605	0.143277843121838	0.097342824913441	0.095515810416879	0.093956767006047	0.097393424285415	0.097184911280342	0.097432241064026	0.096636976993035	0.000333333333333
eve	0.094987450279289	0.097360644428725	0.152021530312773	0.095477381203791	0.093956767006047	0.097393424285415	0.097184911280342	0.097432241064026	0.096572358488594	0.000333333333333
geo	0.098354087295257	0.098473325465934	0.097342824913441	0.112785633795740	0.094627617718795	0.097393424285415	0.097229831506619	0.097515480906094	0.100124354417140	0.051666666666667
gpe	0.096754164002354	0.097360644428725	0.097342824913441	0.095554255097550	0.096516330437575	0.097393424285415	0.098632704609080	0.102292209640710	0.096636976993035	0.081666666666667
nat	0.094946907165023	0.097360644428725	0.097342824913441	0.095477381203791	0.093956767006047	0.131467371571654	0.097184911280342	0.097432241064026	0.096507783192781	0.000333333333333
org	0.096938495328213	0.099598722720233	0.097342824913441	0.095515810416879	0.094254333715773	0.097393424285415	0.149086509940954	0.098688333460691	0.097350640593893	0.048333333333333
per	0.096750721896125	0.097360644428725	0.097342824913441	0.095631190886549	0.094254333715773	0.097393424285415	0.097680177305986	0.165018445466078	0.097155484012618	0.095333333333333
tim	0.096857484152723	0.097360644428725	0.098522723583490	0.095746710732651	0.094328872528588	0.100694585457045	0.097229831506619	0.097640474028371	0.120667041701636	0.012000000000000